Unnamed: 0,CampaignId,TimePeriod,Revenue,Spend,Clicks,Impressions,Conversions,CampaignType,DailyBudget,CampaignName
2221,570837622,2026-03-08,0.0,0.0,0,19,0.0,PerformanceMax,10.0,Pmax_NTM_Campaign_16
2115,570837620,2026-03-08,0.0,20.33,21,2431,0.0,PerformanceMax,20.0,Pmax_NTM_Campaign_14
1837,570837616,2026-03-08,0.0,0.0,0,0,0.0,PerformanceMax,20.0,Pmax_NTM_Campaign_10
1602,570837612,2026-03-08,0.0,20.37,12,1354,0.0,PerformanceMax,20.0,Pmax_NTM_Campaign_06
2034,570837619,2026-03-08,0.0,0.0,0,1,0.0,PerformanceMax,10.0,Pmax_NTM_Campaign_13
2773,570837632,2026-03-08,0.0,0.15,3,18,0.0,Search,10.0,Search_TM_Campaign_06
1890,570837617,2026-03-08,0.0,0.0,0,7,0.0,PerformanceMax,10.0,Pmax_NTM_Campaign_11
1656,570837613,2026-03-08,0.0,0.0,0,28,0.0,PerformanceMax,10.0,Pmax_NTM_Campaign_07
2791,570837633,2026-03-08,0.0,0.0,0,82,0.0,Shopping,10.0,Shopping_NTM_Campaign_01
2611,570837628,2026-03-08,0.0,0.33,2,18,0.0,Search,20.0,Search_NTM_Campaign_01
1107,570837607,2026-03-08,0.0,20.18,34,3969,0.0,PerformanceMax,10.0,Pmax_NTM_Campaign_01
1248,570837608,2026-03-08,0.0,0.0,0,13,0.0,PerformanceMax,10.0,Pmax_NTM_Campaign_02
1783,570837615,2026-03-08,0.0,20.44,16,1934,0.0,PerformanceMax,20.0,Pmax_NTM_Campaign_09
2420,570837625,2026-03-08,0.0,0.0,0,0,0.0,PerformanceMax,10.0,Pmax_NTM_Campaign_19
2366,570837624,2026-03-08,0.0,20.73,28,2414,0.0,PerformanceMax,20.0,Pmax_NTM_Campaign_18
1729,570837614,2026-03-08,0.0,0.0,0,29,0.0,PerformanceMax,20.0,Pmax_NTM_Campaign_08
1526,570837611,2026-03-08,0.0,0.0,0,12,0.0,PerformanceMax,10.0,Pmax_NTM_Campaign_05
1454,570837610,2026-03-08,0.0,0.76,6,97,0.0,PerformanceMax,10.0,Pmax_NTM_Campaign_04
1321,570837609,2026-03-08,0.0,0.0,0,17,0.0,PerformanceMax,20.0,Pmax_NTM_Campaign_03
1961,570837618,2026-03-08,0.0,0.0,0,2,0.0,PerformanceMax,10.0,Pmax_NTM_Campaign_12
2684,570837630,2026-03-08,0.0,5.34,1,474,0.0,Audience,20.0,Demand Gen_NTM_Campaign_01
2290,570837623,2026-03-08,0.0,0.0,0,32,0.0,PerformanceMax,10.0,Pmax_NTM_Campaign_17
2169,570837621,2026-03-08,0.0,20.55,18,1467,0.0,PerformanceMax,20.0,Pmax_NTM_Campaign_15
2719,570837631,2026-03-08,0.0,4.01,5,345,0.0,Audience,20.0,Demand Gen_NTM_Campaign_02
1730,570837614,2026-03-09,0.0,0.0,0,36,0.0,PerformanceMax,20.0,Pmax_NTM_Campaign_08
2170,570837621,2026-03-09,0.0,22.29,23,4725,0.0,PerformanceMax,20.0,Pmax_NTM_Campaign_15
1108,570837607,2026-03-09,0.0,20.57,25,4945,0.0,PerformanceMax,10.0,Pmax_NTM_Campaign_01
1891,570837617,2026-03-09,0.0,0.0,0,3,0.0,PerformanceMax,10.0,Pmax_NTM_Campaign_11
1838,570837616,2026-03-09,0.0,0.0,0,16,0.0,PerformanceMax,20.0,Pmax_NTM_Campaign_10
2222,570837622,2026-03-09,0.0,0.0,0,18,0.0,PerformanceMax,10.0,Pmax_NTM_Campaign_16
1249,570837608,2026-03-09,0.0,0.0,0,13,0.0,PerformanceMax,10.0,Pmax_NTM_Campaign_02
2421,570837625,2026-03-09,0.0,0.0,0,0,0.0,PerformanceMax,10.0,Pmax_NTM_Campaign_19
2367,570837624,2026-03-09,0.0,20.71,31,4015,0.0,PerformanceMax,20.0,Pmax_NTM_Campaign_18
1322,570837609,2026-03-09,0.0,0.0,0,223,0.0,PerformanceMax,20.0,Pmax_NTM_Campaign_03
1962,570837618,2026-03-09,0.0,0.0,0,3,0.0,PerformanceMax,10.0,Pmax_NTM_Campaign_12
2291,570837623,2026-03-09,0.0,0.0,0,38,0.0,PerformanceMax,10.0,Pmax_NTM_Campaign_17
1784,570837615,2026-03-09,0.0,20.56,17,4250,0.0,PerformanceMax,20.0,Pmax_NTM_Campaign_09
2116,570837620,2026-03-09,0.0,20.12,16,3069,0.0,PerformanceMax,20.0,Pmax_NTM_Campaign_14
2612,570837628,2026-03-09,0.0,0.07,1,19,0.0,Search,20.0,Search_NTM_Campaign_01
1603,570837612,2026-03-09,0.0,20.45,17,2475,0.0,PerformanceMax,20.0,Pmax_NTM_Campaign_06
2792,570837633,2026-03-09,0.0,0.13,2,195,0.0,Shopping,10.0,Shopping_NTM_Campaign_01
2774,570837632,2026-03-09,0.0,0.15,3,10,0.0,Search,10.0,Search_TM_Campaign_06
1455,570837610,2026-03-09,0.0,0.07,1,59,0.0,PerformanceMax,10.0,Pmax_NTM_Campaign_04
1527,570837611,2026-03-09,0.0,0.0,0,48,0.0,PerformanceMax,10.0,Pmax_NTM_Campaign_05
2720,570837631,2026-03-09,0.0,17.32,26,4548,0.0,Audience,20.0,Demand Gen_NTM_Campaign_02
2035,570837619,2026-03-09,0.0,2.82,5,123,0.0,PerformanceMax,10.0,Pmax_NTM_Campaign_13
2685,570837630,2026-03-09,0.0,8.57,2,719,0.0,Audience,20.0,Demand Gen_NTM_Campaign_01
1657,570837613,2026-03-09,0.0,0.0,0,10,0.0,PerformanceMax,10.0,Pmax_NTM_Campaign_07
1109,570837607,2026-03-10,0.0,20.64,28,3514,0.0,PerformanceMax,10.0,Pmax_NTM_Campaign_01
2036,570837619,2026-03-10,0.0,1.31,6,56,0.0,PerformanceMax,10.0,Pmax_NTM_Campaign_13
2793,570837633,2026-03-10,0.0,0.17,4,244,0.0,Shopping,10.0,Shopping_NTM_Campaign_01
1658,570837613,2026-03-10,0.0,0.0,0,5,0.0,PerformanceMax,10.0,Pmax_NTM_Campaign_07
2368,570837624,2026-03-10,0.0,0.0,0,76,0.0,PerformanceMax,20.0,Pmax_NTM_Campaign_18
2223,570837622,2026-03-10,0.0,0.0,0,35,0.0,PerformanceMax,10.0,Pmax_NTM_Campaign_16
2422,570837625,2026-03-10,0.0,0.0,0,3,0.0,PerformanceMax,10.0,Pmax_NTM_Campaign_19
1892,570837617,2026-03-10,0.0,0.0,0,2,0.0,PerformanceMax,10.0,Pmax_NTM_Campaign_11
1456,570837610,2026-03-10,0.0,0.12,2,52,0.0,PerformanceMax,10.0,Pmax_NTM_Campaign_04
1528,570837611,2026-03-10,0.0,0.32,1,93,0.0,PerformanceMax,10.0,Pmax_NTM_Campaign_05
1323,570837609,2026-03-10,0.0,0.0,0,85,0.0,PerformanceMax,20.0,Pmax_NTM_Campaign_03
1250,570837608,2026-03-10,0.0,0.0,0,7,0.0,PerformanceMax,10.0,Pmax_NTM_Campaign_02
1785,570837615,2026-03-10,0.0,1.6,2,475,0.0,PerformanceMax,20.0,Pmax_NTM_Campaign_09
2292,570837623,2026-03-10,0.0,0.0,0,20,0.0,PerformanceMax,10.0,Pmax_NTM_Campaign_17
2775,570837632,2026-03-10,0.0,0.05,1,3,0.0,Search,10.0,Search_TM_Campaign_06
1731,570837614,2026-03-10,0.0,0.0,0,0,0.0,PerformanceMax,20.0,Pmax_NTM_Campaign_08
2721,570837631,2026-03-10,0.0,18.15,3,105,0.0,Audience,20.0,Demand Gen_NTM_Campaign_02
1963,570837618,2026-03-10,0.0,0.05,1,15,0.0,PerformanceMax,10.0,Pmax_NTM_Campaign_12
2613,570837628,2026-03-10,0.0,0.42,8,45,0.0,Search,20.0,Search_NTM_Campaign_01
2117,570837620,2026-03-10,0.0,1.4900000000000002,3,949,0.0,PerformanceMax,20.0,Pmax_NTM_Campaign_14
2686,570837630,2026-03-10,0.0,15.05,2,11,0.0,Audience,20.0,Demand Gen_NTM_Campaign_01
1604,570837612,2026-03-10,0.0,2.65,3,279,0.0,PerformanceMax,20.0,Pmax_NTM_Campaign_06
2037,570837619,2026-03-11,0.0,0.0,0,8,0.0,PerformanceMax,10.0,Pmax_NTM_Campaign_13
1251,570837608,2026-03-11,0.0,0.06,1,2,0.0,PerformanceMax,10.0,Pmax_NTM_Campaign_02
1324,570837609,2026-03-11,0.0,0.0,0,9,0.0,PerformanceMax,20.0,Pmax_NTM_Campaign_03
1964,570837618,2026-03-11,0.0,0.03,1,7,0.0,PerformanceMax,10.0,Pmax_NTM_Campaign_12
1457,570837610,2026-03-11,0.0,0.15,2,37,0.0,PerformanceMax,10.0,Pmax_NTM_Campaign_04
1529,570837611,2026-03-11,0.0,0.14,1,20,0.0,PerformanceMax,10.0,Pmax_NTM_Campaign_05
1659,570837613,2026-03-11,0.0,0.0,0,1,0.0,PerformanceMax,10.0,Pmax_NTM_Campaign_07
2293,570837623,2026-03-11,0.0,0.0,0,15,0.0,PerformanceMax,10.0,Pmax_NTM_Campaign_17
2423,570837625,2026-03-11,0.0,0.04,1,1,0.0,PerformanceMax,10.0,Pmax_NTM_Campaign_19
1893,570837617,2026-03-11,0.0,0.0,0,1,0.0,PerformanceMax,10.0,Pmax_NTM_Campaign_11
2614,570837628,2026-03-11,0.0,0.32,4,34,0.0,Search,20.0,Search_NTM_Campaign_01
2776,570837632,2026-03-11,0.0,0.15,3,11,0.0,Search,10.0,Search_TM_Campaign_06
1110,570837607,2026-03-11,0.0,21.08,19,4260,0.0,PerformanceMax,10.0,Pmax_NTM_Campaign_01
2224,570837622,2026-03-11,0.0,0.0,0,15,0.0,PerformanceMax,10.0,Pmax_NTM_Campaign_16
2794,570837633,2026-03-11,0.0,0.03,1,130,0.0,Shopping,10.0,Shopping_NTM_Campaign_01
1660,570837613,2026-03-12,0.0,0.0,0,0,0.0,PerformanceMax,10.0,Pmax_NTM_Campaign_07
1458,570837610,2026-03-12,0.0,0.02,1,8,0.0,PerformanceMax,10.0,Pmax_NTM_Campaign_04
1252,570837608,2026-03-12,0.0,0.0,0,1,0.0,PerformanceMax,10.0,Pmax_NTM_Campaign_02
2615,570837628,2026-03-12,0.0,0.16,2,23,0.0,Search,20.0,Search_NTM_Campaign_01
2294,570837623,2026-03-12,0.0,0.0,0,4,0.0,PerformanceMax,10.0,Pmax_NTM_Campaign_17
1530,570837611,2026-03-12,0.0,0.0,0,58,0.0,PerformanceMax,10.0,Pmax_NTM_Campaign_05
2795,570837633,2026-03-12,0.0,0.02,1,76,0.0,Shopping,10.0,Shopping_NTM_Campaign_01
2225,570837622,2026-03-12,0.0,0.0,0,2,0.0,PerformanceMax,10.0,Pmax_NTM_Campaign_16
2038,570837619,2026-03-12,0.0,0.0,0,1,0.0,PerformanceMax,10.0,Pmax_NTM_Campaign_13
1894,570837617,2026-03-12,0.0,0.0,0,8,0.0,PerformanceMax,10.0,Pmax_NTM_Campaign_11
1325,570837609,2026-03-12,0.0,0.0,0,8,0.0,PerformanceMax,20.0,Pmax_NTM_Campaign_03
1965,570837618,2026-03-12,0.0,0.0,0,2,0.0,PerformanceMax,10.0,Pmax_NTM_Campaign_12
2424,570837625,2026-03-12,0.0,0.0,0,0,0.0,PerformanceMax,10.0,Pmax_NTM_Campaign_19
1111,570837607,2026-03-12,0.0,11.77,25,4684,0.0,PerformanceMax,10.0,Pmax_NTM_Campaign_01
2226,570837622,2026-03-13,0.0,0.0,0,7,0.0,PerformanceMax,10.0,Pmax_NTM_Campaign_16
1966,570837618,2026-03-13,0.0,0.05,1,6,0.0,PerformanceMax,10.0,Pmax_NTM_Campaign_12
2039,570837619,2026-03-13,0.0,11.15,9,231,0.0,PerformanceMax,10.0,Pmax_NTM_Campaign_13
1895,570837617,2026-03-13,0.0,0.0,0,6,0.0,PerformanceMax,10.0,Pmax_NTM_Campaign_11
2425,570837625,2026-03-13,0.0,0.0,0,0,0.0,PerformanceMax,10.0,Pmax_NTM_Campaign_19
1253,570837608,2026-03-13,0.0,0.0,0,1,0.0,PerformanceMax,10.0,Pmax_NTM_Campaign_02
1459,570837610,2026-03-13,0.0,0.0,0,20,0.0,PerformanceMax,10.0,Pmax_NTM_Campaign_04
1326,570837609,2026-03-13,0.0,0.0,0,6,0.0,PerformanceMax,20.0,Pmax_NTM_Campaign_03
2796,570837633,2026-03-13,0.0,0.0,0,90,0.0,Shopping,10.0,Shopping_NTM_Campaign_01
1531,570837611,2026-03-13,0.0,0.0,0,54,0.0,PerformanceMax,10.0,Pmax_NTM_Campaign_05
2777,570837632,2026-03-13,0.0,0.0,0,1,0.0,Search,10.0,Search_TM_Campaign_06
1661,570837613,2026-03-13,0.0,0.0,0,2,0.0,PerformanceMax,10.0,Pmax_NTM_Campaign_07
1112,570837607,2026-03-13,0.0,9.7,26,3875,0.0,PerformanceMax,10.0,Pmax_NTM_Campaign_01
2616,570837628,2026-03-13,0.0,0.36,4,18,0.0,Search,20.0,Search_NTM_Campaign_01
2295,570837623,2026-03-13,0.0,0.0,0,18,0.0,PerformanceMax,10.0,Pmax_NTM_Campaign_17
2040,570837619,2026-03-14,0.0,3.1,3,208,0.0,PerformanceMax,10.0,Pmax_NTM_Campaign_13
2797,570837633,2026-03-14,0.0,0.0,0,16,0.0,Shopping,10.0,Shopping_NTM_Campaign_01
1532,570837611,2026-03-14,0.0,0.0,0,36,0.0,PerformanceMax,10.0,Pmax_NTM_Campaign_05
1662,570837613,2026-03-14,0.0,0.0,0,0,0.0,PerformanceMax,10.0,Pmax_NTM_Campaign_07
2617,570837628,2026-03-14,0.0,0.15,3,13,0.0,Search,20.0,Search_NTM_Campaign_01
2296,570837623,2026-03-14,0.0,0.0,0,3,0.0,PerformanceMax,10.0,Pmax_NTM_Campaign_17
1113,570837607,2026-03-14,0.0,20.89,43,4645,0.0,PerformanceMax,10.0,Pmax_NTM_Campaign_01
2227,570837622,2026-03-14,0.0,0.0,0,5,0.0,PerformanceMax,10.0,Pmax_NTM_Campaign_16
1967,570837618,2026-03-14,0.0,0.0,0,7,0.0,PerformanceMax,10.0,Pmax_NTM_Campaign_12
1896,570837617,2026-03-14,0.0,0.0,0,20,0.0,PerformanceMax,10.0,Pmax_NTM_Campaign_11
1327,570837609,2026-03-14,0.0,0.02,1,6,0.0,PerformanceMax,20.0,Pmax_NTM_Campaign_03
1254,570837608,2026-03-14,0.0,0.0,0,1,0.0,PerformanceMax,10.0,Pmax_NTM_Campaign_02
2426,570837625,2026-03-14,0.0,0.0,0,1,0.0,PerformanceMax,10.0,Pmax_NTM_Campaign_19
1460,570837610,2026-03-14,0.0,0.17,3,37,0.0,PerformanceMax,10.0,Pmax_NTM_Campaign_04
2041,570837619,2026-03-15,0.0,2.34,5,57,0.0,PerformanceMax,10.0,Pmax_NTM_Campaign_13
1663,570837613,2026-03-15,0.0,0.0,0,4,0.0,PerformanceMax,10.0,Pmax_NTM_Campaign_07
1968,570837618,2026-03-15,0.0,0.0,0,4,0.0,PerformanceMax,10.0,Pmax_NTM_Campaign_12
1533,570837611,2026-03-15,0.0,0.0,0,27,0.0,PerformanceMax,10.0,Pmax_NTM_Campaign_05
1897,570837617,2026-03-15,0.0,0.0,0,31,0.0,PerformanceMax,10.0,Pmax_NTM_Campaign_11
1328,570837609,2026-03-15,0.0,0.05,1,19,0.0,PerformanceMax,20.0,Pmax_NTM_Campaign_03
1255,570837608,2026-03-15,0.0,0.0,0,0,0.0,PerformanceMax,10.0,Pmax_NTM_Campaign_02
1461,570837610,2026-03-15,0.0,0.0,0,14,0.0,PerformanceMax,10.0,Pmax_NTM_Campaign_04
2618,570837628,2026-03-15,0.0,0.27,5,34,0.0,Search,20.0,Search_NTM_Campaign_01
2228,570837622,2026-03-15,0.0,0.0,0,4,0.0,PerformanceMax,10.0,Pmax_NTM_Campaign_16
1114,570837607,2026-03-15,0.0,7.86,26,2122,0.0,PerformanceMax,10.0,Pmax_NTM_Campaign_01
2427,570837625,2026-03-15,0.0,0.0,0,2,0.0,PerformanceMax,10.0,Pmax_NTM_Campaign_19
2778,570837632,2026-03-15,0.0,0.05,1,2,0.0,Search,10.0,Search_TM_Campaign_06
2297,570837623,2026-03-15,0.0,0.0,0,2,0.0,PerformanceMax,10.0,Pmax_NTM_Campaign_17
2798,570837633,2026-03-15,0.0,0.0,0,22,0.0,Shopping,10.0,Shopping_NTM_Campaign_01
1534,570837611,2026-03-16,0.0,0.0,0,7,0.0,PerformanceMax,10.0,Pmax_NTM_Campaign_05
2619,570837628,2026-03-16,0.0,0.35,4,39,0.0,Search,20.0,Search_NTM_Campaign_01
1664,570837613,2026-03-16,0.0,0.0,0,2,0.0,PerformanceMax,10.0,Pmax_NTM_Campaign_07
2298,570837623,2026-03-16,0.0,0.0,0,4,0.0,PerformanceMax,10.0,Pmax_NTM_Campaign_17
2428,570837625,2026-03-16,0.0,0.0,0,1,0.0,PerformanceMax,10.0,Pmax_NTM_Campaign_19
2799,570837633,2026-03-16,0.0,0.19,2,39,0.0,Shopping,10.0,Shopping_NTM_Campaign_01
1898,570837617,2026-03-16,0.0,0.0,0,0,0.0,PerformanceMax,10.0,Pmax_NTM_Campaign_11
1329,570837609,2026-03-16,0.0,0.0,0,6,0.0,PerformanceMax,20.0,Pmax_NTM_Campaign_03
1256,570837608,2026-03-16,0.0,0.0,0,0,0.0,PerformanceMax,10.0,Pmax_NTM_Campaign_02
1462,570837610,2026-03-16,0.0,0.0,0,10,0.0,PerformanceMax,10.0,Pmax_NTM_Campaign_04
2779,570837632,2026-03-16,0.0,0.0,0,4,0.0,Search,10.0,Search_TM_Campaign_06
1115,570837607,2026-03-16,0.0,2.68,15,2767,0.0,PerformanceMax,10.0,Pmax_NTM_Campaign_01
2042,570837619,2026-03-16,0.0,37.13,26,817,0.0,PerformanceMax,10.0,Pmax_NTM_Campaign_13
2229,570837622,2026-03-16,0.0,0.0,0,3,0.0,PerformanceMax,10.0,Pmax_NTM_Campaign_16
1969,570837618,2026-03-16,0.0,0.0,0,5,0.0,PerformanceMax,10.0,Pmax_NTM_Campaign_12
1535,570837611,2026-03-17,0.0,0.0,0,7,0.0,PerformanceMax,10.0,Pmax_NTM_Campaign_05
2429,570837625,2026-03-17,0.0,0.0,0,1,0.0,PerformanceMax,10.0,Pmax_NTM_Campaign_19
1330,570837609,2026-03-17,0.0,0.0,0,6,0.0,PerformanceMax,20.0,Pmax_NTM_Campaign_03
1665,570837613,2026-03-17,0.0,0.03,1,8,0.0,PerformanceMax,10.0,Pmax_NTM_Campaign_07
2620,570837628,2026-03-17,0.0,0.22,4,29,0.0,Search,20.0,Search_NTM_Campaign_01
1116,570837607,2026-03-17,0.0,9.22,20,3307,0.0,PerformanceMax,10.0,Pmax_NTM_Campaign_01
1970,570837618,2026-03-17,0.0,0.0,0,3,0.0,PerformanceMax,10.0,Pmax_NTM_Campaign_12
2800,570837633,2026-03-17,0.0,0.13,1,22,0.0,Shopping,10.0,Shopping_NTM_Campaign_01
2043,570837619,2026-03-17,0.0,27.31,24,411,0.0,PerformanceMax,10.0,Pmax_NTM_Campaign_13
1899,570837617,2026-03-17,0.0,0.0,0,0,0.0,PerformanceMax,10.0,Pmax_NTM_Campaign_11
1257,570837608,2026-03-17,0.0,0.0,0,0,0.0,PerformanceMax,10.0,Pmax_NTM_Campaign_02
2299,570837623,2026-03-17,0.0,0.0,0,0,0.0,PerformanceMax,10.0,Pmax_NTM_Campaign_17
2230,570837622,2026-03-17,0.0,0.0,0,7,0.0,PerformanceMax,10.0,Pmax_NTM_Campaign_16
1463,570837610,2026-03-17,0.0,0.08,4,18,0.0,PerformanceMax,10.0,Pmax_NTM_Campaign_04
1117,570837607,2026-03-18,0.0,3.75,18,1906,0.0,PerformanceMax,10.0,Pmax_NTM_Campaign_01
2430,570837625,2026-03-18,0.0,0.0,0,0,0.0,PerformanceMax,10.0,Pmax_NTM_Campaign_19
1971,570837618,2026-03-18,0.0,0.0,0,6,0.0,PerformanceMax,10.0,Pmax_NTM_Campaign_12
2231,570837622,2026-03-18,0.0,0.0,0,3,0.0,PerformanceMax,10.0,Pmax_NTM_Campaign_16
1331,570837609,2026-03-18,0.0,0.03,1,14,0.0,PerformanceMax,20.0,Pmax_NTM_Campaign_03
1666,570837613,2026-03-18,0.0,0.02,1,1,0.0,PerformanceMax,10.0,Pmax_NTM_Campaign_07
2621,570837628,2026-03-18,0.0,0.2,4,27,0.0,Search,20.0,Search_NTM_Campaign_01
1258,570837608,2026-03-18,0.0,0.0,0,0,0.0,PerformanceMax,10.0,Pmax_NTM_Campaign_02
1900,570837617,2026-03-18,0.0,0.0,0,1,0.0,PerformanceMax,10.0,Pmax_NTM_Campaign_11
1536,570837611,2026-03-18,0.0,0.0,0,14,0.0,PerformanceMax,10.0,Pmax_NTM_Campaign_05
2300,570837623,2026-03-18,0.0,0.0,0,4,0.0,PerformanceMax,10.0,Pmax_NTM_Campaign_17
2780,570837632,2026-03-18,0.0,0.13,2,6,0.0,Search,10.0,Search_TM_Campaign_06
2801,570837633,2026-03-18,0.0,0.0,0,31,0.0,Shopping,10.0,Shopping_NTM_Campaign_01
1464,570837610,2026-03-18,0.0,0.0,0,7,0.0,PerformanceMax,10.0,Pmax_NTM_Campaign_04
2044,570837619,2026-03-18,0.0,10.06,12,223,0.0,PerformanceMax,10.0,Pmax_NTM_Campaign_13
2622,570837628,2026-03-19,0.0,0.1,2,18,0.0,Search,20.0,Search_NTM_Campaign_01
2431,570837625,2026-03-19,0.0,0.0,0,0,0.0,PerformanceMax,10.0,Pmax_NTM_Campaign_19
1667,570837613,2026-03-19,0.0,0.03,1,1,0.0,PerformanceMax,10.0,Pmax_NTM_Campaign_07
1537,570837611,2026-03-19,0.0,0.0,0,6,0.0,PerformanceMax,10.0,Pmax_NTM_Campaign_05
1465,570837610,2026-03-19,0.0,0.0,0,6,0.0,PerformanceMax,10.0,Pmax_NTM_Campaign_04
2045,570837619,2026-03-19,0.0,10.34,15,227,0.0,PerformanceMax,10.0,Pmax_NTM_Campaign_13
2802,570837633,2026-03-19,0.0,0.0,0,57,0.0,Shopping,10.0,Shopping_NTM_Campaign_01
1972,570837618,2026-03-19,0.0,0.02,1,7,0.0,PerformanceMax,10.0,Pmax_NTM_Campaign_12
1901,570837617,2026-03-19,0.0,0.0,0,2,0.0,PerformanceMax,10.0,Pmax_NTM_Campaign_11
2232,570837622,2026-03-19,0.0,0.0,0,12,0.0,PerformanceMax,10.0,Pmax_NTM_Campaign_16
1259,570837608,2026-03-19,0.0,0.0,0,3,0.0,PerformanceMax,10.0,Pmax_NTM_Campaign_02
1332,570837609,2026-03-19,0.0,0.0,0,4,0.0,PerformanceMax,20.0,Pmax_NTM_Campaign_03
1118,570837607,2026-03-19,0.0,10.36,16,2920,0.0,PerformanceMax,10.0,Pmax_NTM_Campaign_01
2301,570837623,2026-03-19,0.0,0.0,0,33,0.0,PerformanceMax,10.0,Pmax_NTM_Campaign_17
1668,570837613,2026-03-20,0.0,0.0,0,0,0.0,PerformanceMax,10.0,Pmax_NTM_Campaign_07
2623,570837628,2026-03-20,0.0,0.29,5,27,0.0,Search,20.0,Search_NTM_Campaign_01
2233,570837622,2026-03-20,0.0,0.0,0,4,0.0,PerformanceMax,10.0,Pmax_NTM_Campaign_16
2803,570837633,2026-03-20,0.0,0.05,1,58,0.0,Shopping,10.0,Shopping_NTM_Campaign_01
1902,570837617,2026-03-20,0.0,0.0,0,1,0.0,PerformanceMax,10.0,Pmax_NTM_Campaign_11
1260,570837608,2026-03-20,0.0,0.0,0,0,0.0,PerformanceMax,10.0,Pmax_NTM_Campaign_02
1466,570837610,2026-03-20,0.0,0.0,0,9,0.0,PerformanceMax,10.0,Pmax_NTM_Campaign_04
2432,570837625,2026-03-20,0.0,0.0,0,3,0.0,PerformanceMax,10.0,Pmax_NTM_Campaign_19
2302,570837623,2026-03-20,0.0,0.0,0,12,0.0,PerformanceMax,10.0,Pmax_NTM_Campaign_17
2046,570837619,2026-03-20,0.0,10.31,11,223,0.0,PerformanceMax,10.0,Pmax_NTM_Campaign_13
1973,570837618,2026-03-20,0.0,0.0,0,4,0.0,PerformanceMax,10.0,Pmax_NTM_Campaign_12
1119,570837607,2026-03-20,0.0,10.95,35,3763,0.0,PerformanceMax,10.0,Pmax_NTM_Campaign_01
1333,570837609,2026-03-20,0.0,0.0,0,11,0.0,PerformanceMax,20.0,Pmax_NTM_Campaign_03
2781,570837632,2026-03-20,0.0,0.0,0,1,0.0,Search,10.0,Search_TM_Campaign_06
1538,570837611,2026-03-20,0.0,0.0,0,9,0.0,PerformanceMax,10.0,Pmax_NTM_Campaign_05
1539,570837611,2026-03-21,0.0,0.0,0,7,0.0,PerformanceMax,10.0,Pmax_NTM_Campaign_05
1261,570837608,2026-03-21,0.0,0.0,0,0,0.0,PerformanceMax,10.0,Pmax_NTM_Campaign_02
1467,570837610,2026-03-21,0.0,0.05,1,6,0.0,PerformanceMax,10.0,Pmax_NTM_Campaign_04
2624,570837628,2026-03-21,0.0,0.16,3,26,0.0,Search,20.0,Search_NTM_Campaign_01
2782,570837632,2026-03-21,0.0,0.0,0,1,0.0,Search,10.0,Search_TM_Campaign_06
2303,570837623,2026-03-21,0.0,0.0,0,5,0.0,PerformanceMax,10.0,Pmax_NTM_Campaign_17
1903,570837617,2026-03-21,0.0,0.0,0,17,0.0,PerformanceMax,10.0,Pmax_NTM_Campaign_11
2047,570837619,2026-03-21,0.0,1.32,2,90,0.0,PerformanceMax,10.0,Pmax_NTM_Campaign_13
1334,570837609,2026-03-21,0.0,0.0,0,2,0.0,PerformanceMax,20.0,Pmax_NTM_Campaign_03
2234,570837622,2026-03-21,0.0,0.0,0,0,0.0,PerformanceMax,10.0,Pmax_NTM_Campaign_16
1669,570837613,2026-03-21,0.0,0.0,0,1,0.0,PerformanceMax,10.0,Pmax_NTM_Campaign_07
1974,570837618,2026-03-21,0.0,0.0,0,0,0.0,PerformanceMax,10.0,Pmax_NTM_Campaign_12
2804,570837633,2026-03-21,0.0,0.0,0,45,0.0,Shopping,10.0,Shopping_NTM_Campaign_01
1120,570837607,2026-03-21,0.0,10.33,29,3967,0.0,PerformanceMax,10.0,Pmax_NTM_Campaign_01
2433,570837625,2026-03-21,0.0,0.0,0,0,0.0,PerformanceMax,10.0,Pmax_NTM_Campaign_19
2783,570837632,2026-03-22,0.0,0.15,1,2,0.0,Search,10.0,Search_TM_Campaign_06
1335,570837609,2026-03-22,0.0,0.0,0,7,0.0,PerformanceMax,20.0,Pmax_NTM_Campaign_03
1262,570837608,2026-03-22,0.0,0.0,0,0,0.0,PerformanceMax,10.0,Pmax_NTM_Campaign_02
2048,570837619,2026-03-22,0.0,1.8,5,72,0.0,PerformanceMax,10.0,Pmax_NTM_Campaign_13
1121,570837607,2026-03-22,0.0,8.99,32,2548,0.0,PerformanceMax,10.0,Pmax_NTM_Campaign_01
1540,570837611,2026-03-22,0.0,0.0,0,2,0.0,PerformanceMax,10.0,Pmax_NTM_Campaign_05
2434,570837625,2026-03-22,0.0,0.0,0,0,0.0,PerformanceMax,10.0,Pmax_NTM_Campaign_19
2805,570837633,2026-03-22,0.0,0.0,0,46,0.0,Shopping,10.0,Shopping_NTM_Campaign_01
1468,570837610,2026-03-22,0.0,0.0,0,3,0.0,PerformanceMax,10.0,Pmax_NTM_Campaign_04
1975,570837618,2026-03-22,0.0,0.0,0,4,0.0,PerformanceMax,10.0,Pmax_NTM_Campaign_12
2625,570837628,2026-03-22,0.0,0.15,3,34,0.0,Search,20.0,Search_NTM_Campaign_01
1670,570837613,2026-03-22,0.0,0.0,0,4,0.0,PerformanceMax,10.0,Pmax_NTM_Campaign_07
2304,570837623,2026-03-22,0.0,0.0,0,1,0.0,PerformanceMax,10.0,Pmax_NTM_Campaign_17
1904,570837617,2026-03-22,0.0,0.0,0,1,0.0,PerformanceMax,10.0,Pmax_NTM_Campaign_11
2806,570837633,2026-03-23,0.0,0.05,1,58,0.0,Shopping,10.0,Shopping_NTM_Campaign_01
1469,570837610,2026-03-23,0.0,0.03,1,26,0.0,PerformanceMax,10.0,Pmax_NTM_Campaign_04
2235,570837622,2026-03-23,0.0,0.0,0,2,0.0,PerformanceMax,10.0,Pmax_NTM_Campaign_16
1336,570837609,2026-03-23,0.0,0.0,0,6,0.0,PerformanceMax,20.0,Pmax_NTM_Campaign_03
2435,570837625,2026-03-23,0.0,0.0,0,0,0.0,PerformanceMax,10.0,Pmax_NTM_Campaign_19
1541,570837611,2026-03-23,0.0,0.03,1,6,0.0,PerformanceMax,10.0,Pmax_NTM_Campaign_05
1122,570837607,2026-03-23,0.0,3.12,11,1255,0.0,PerformanceMax,10.0,Pmax_NTM_Campaign_01
1671,570837613,2026-03-23,0.0,0.0,0,4,0.0,PerformanceMax,10.0,Pmax_NTM_Campaign_07
2305,570837623,2026-03-23,0.0,0.0,0,0,0.0,PerformanceMax,10.0,Pmax_NTM_Campaign_17
1263,570837608,2026-03-23,0.0,0.0,0,1,0.0,PerformanceMax,10.0,Pmax_NTM_Campaign_02
1976,570837618,2026-03-23,0.0,0.0,0,1,0.0,PerformanceMax,10.0,Pmax_NTM_Campaign_12
2049,570837619,2026-03-23,0.0,12.51,10,193,0.0,PerformanceMax,10.0,Pmax_NTM_Campaign_13
2626,570837628,2026-03-23,0.0,0.1999999999999999,4,16,0.0,Search,20.0,Search_NTM_Campaign_01
1905,570837617,2026-03-24,0.0,0.0,0,1,0.0,PerformanceMax,10.0,Pmax_NTM_Campaign_11
1977,570837618,2026-03-24,0.0,0.0,0,3,0.0,PerformanceMax,10.0,Pmax_NTM_Campaign_12
2236,570837622,2026-03-24,0.0,0.0,0,2,0.0,PerformanceMax,10.0,Pmax_NTM_Campaign_16
2050,570837619,2026-03-24,0.0,10.77,12,132,0.0,PerformanceMax,10.0,Pmax_NTM_Campaign_13
1470,570837610,2026-03-24,0.0,0.0,0,3,0.0,PerformanceMax,10.0,Pmax_NTM_Campaign_04
1672,570837613,2026-03-24,0.0,0.0,0,3,0.0,PerformanceMax,10.0,Pmax_NTM_Campaign_07
2436,570837625,2026-03-24,0.0,0.0,0,0,0.0,PerformanceMax,10.0,Pmax_NTM_Campaign_19
2306,570837623,2026-03-24,0.0,0.0,0,4,0.0,PerformanceMax,10.0,Pmax_NTM_Campaign_17
1542,570837611,2026-03-24,0.0,0.0,0,4,0.0,PerformanceMax,10.0,Pmax_NTM_Campaign_05
2807,570837633,2026-03-24,0.0,0.05,1,37,0.0,Shopping,10.0,Shopping_NTM_Campaign_01
2627,570837628,2026-03-24,0.0,0.05,1,9,0.0,Search,20.0,Search_NTM_Campaign_01
619,566560838,2026-03-24,0.0,0.0,0,2,0.0,Search,10.0,Search_TM_Campaign_02
1123,570837607,2026-03-24,0.0,3.31,13,1016,0.0,PerformanceMax,10.0,Pmax_NTM_Campaign_01
1337,570837609,2026-03-24,0.0,0.0,0,0,0.0,PerformanceMax,20.0,Pmax_NTM_Campaign_03
1264,570837608,2026-03-24,0.0,0.0,0,0,0.0,PerformanceMax,10.0,Pmax_NTM_Campaign_02
2628,570837628,2026-03-25,0.0,0.1,2,23,0.0,Search,20.0,Search_NTM_Campaign_01
1673,570837613,2026-03-25,0.0,0.0,0,3,0.0,PerformanceMax,10.0,Pmax_NTM_Campaign_07
1543,570837611,2026-03-25,0.0,0.0,0,0,0.0,PerformanceMax,10.0,Pmax_NTM_Campaign_05
2437,570837625,2026-03-25,0.0,0.0,0,1,0.0,PerformanceMax,10.0,Pmax_NTM_Campaign_19
1124,570837607,2026-03-25,0.0,0.41,7,753,0.0,PerformanceMax,10.0,Pmax_NTM_Campaign_01
1906,570837617,2026-03-25,0.0,0.0,0,4,0.0,PerformanceMax,10.0,Pmax_NTM_Campaign_11
1265,570837608,2026-03-25,0.0,0.0,0,0,0.0,PerformanceMax,10.0,Pmax_NTM_Campaign_02
620,566560838,2026-03-25,0.0,0.05,1,2,0.0,Search,10.0,Search_TM_Campaign_02
2808,570837633,2026-03-25,0.0,0.0,0,24,0.0,Shopping,10.0,Shopping_NTM_Campaign_01
1338,570837609,2026-03-25,0.0,0.0,0,1,0.0,PerformanceMax,20.0,Pmax_NTM_Campaign_03
2307,570837623,2026-03-25,0.0,0.0,0,6,0.0,PerformanceMax,10.0,Pmax_NTM_Campaign_17
2051,570837619,2026-03-25,0.0,10.46,11,118,0.0,PerformanceMax,10.0,Pmax_NTM_Campaign_13
1471,570837610,2026-03-25,0.0,0.0,0,5,0.0,PerformanceMax,10.0,Pmax_NTM_Campaign_04
2237,570837622,2026-03-25,0.0,0.0,0,2,0.0,PerformanceMax,10.0,Pmax_NTM_Campaign_16
1978,570837618,2026-03-25,0.0,0.0,0,3,0.0,PerformanceMax,10.0,Pmax_NTM_Campaign_12
2629,570837628,2026-03-26,0.0,0.0,0,3,0.0,Search,20.0,Search_NTM_Campaign_01
1544,570837611,2026-03-26,0.0,0.0,0,0,0.0,PerformanceMax,10.0,Pmax_NTM_Campaign_05
2052,570837619,2026-03-26,0.0,0.15,3,54,0.0,PerformanceMax,10.0,Pmax_NTM_Campaign_13
1674,570837613,2026-03-26,0.0,0.0,0,0,0.0,PerformanceMax,10.0,Pmax_NTM_Campaign_07
1472,570837610,2026-03-26,0.0,0.0,0,8,0.0,PerformanceMax,10.0,Pmax_NTM_Campaign_04
2308,570837623,2026-03-26,0.0,0.0,0,1,0.0,PerformanceMax,10.0,Pmax_NTM_Campaign_17
1125,570837607,2026-03-26,0.0,2.39,5,293,0.0,PerformanceMax,10.0,Pmax_NTM_Campaign_01
1266,570837608,2026-03-26,0.0,0.0,0,0,0.0,PerformanceMax,10.0,Pmax_NTM_Campaign_02
1979,570837618,2026-03-26,0.0,0.0,0,2,0.0,PerformanceMax,10.0,Pmax_NTM_Campaign_12
2809,570837633,2026-03-26,0.0,0.0,0,10,0.0,Shopping,10.0,Shopping_NTM_Campaign_01
2053,570837619,2026-03-27,0.0,0.4599999999999999,2,53,0.0,PerformanceMax,10.0,Pmax_NTM_Campaign_13
2630,570837628,2026-03-27,0.0,0.0,0,7,0.0,Search,20.0,Search_NTM_Campaign_01
1126,570837607,2026-03-27,0.0,0.0,0,70,0.0,PerformanceMax,10.0,Pmax_NTM_Campaign_01
1127,570837607,2026-03-28,0.0,0.05,1,82,0.0,PerformanceMax,10.0,Pmax_NTM_Campaign_01
1545,570837611,2026-03-28,0.0,0.0,0,0,0.0,PerformanceMax,10.0,Pmax_NTM_Campaign_05
2054,570837619,2026-03-28,0.0,5.09,5,57,0.0,PerformanceMax,10.0,Pmax_NTM_Campaign_13
2631,570837628,2026-03-28,0.0,0.1,2,9,0.0,Search,20.0,Search_NTM_Campaign_01
2055,570837619,2026-03-29,0.0,0.0,0,36,0.0,PerformanceMax,10.0,Pmax_NTM_Campaign_13
1128,570837607,2026-03-29,0.0,0.0,0,52,0.0,PerformanceMax,10.0,Pmax_NTM_Campaign_01
1339,570837609,2026-03-29,0.0,0.0,0,0,0.0,PerformanceMax,20.0,Pmax_NTM_Campaign_03
2632,570837628,2026-03-29,0.0,0.0,0,4,0.0,Search,20.0,Search_NTM_Campaign_01
1546,570837611,2026-03-29,0.0,0.0,0,0,0.0,PerformanceMax,10.0,Pmax_NTM_Campaign_05
2633,570837628,2026-03-30,0.0,0.0,0,2,0.0,Search,20.0,Search_NTM_Campaign_01
1129,570837607,2026-03-30,0.0,0.18,1,113,0.0,PerformanceMax,10.0,Pmax_NTM_Campaign_01
2056,570837619,2026-03-30,0.0,5.26,4,200,0.0,PerformanceMax,10.0,Pmax_NTM_Campaign_13
2634,570837628,2026-03-31,0.0,0.0,0,5,0.0,Search,20.0,Search_NTM_Campaign_01
2057,570837619,2026-03-31,118.79,5.75,7,186,1.0,PerformanceMax,10.0,Pmax_NTM_Campaign_13
1130,570837607,2026-03-31,0.0,1.24,1,203,0.0,PerformanceMax,10.0,Pmax_NTM_Campaign_01
2309,570837623,2026-03-31,0.0,0.0,0,1,0.0,PerformanceMax,10.0,Pmax_NTM_Campaign_17
1267,570837608,2026-03-31,0.0,0.0,0,0,0.0,PerformanceMax,10.0,Pmax_NTM_Campaign_02
1055,569378946,2026-03-31,0.0,0.0,0,1,0.0,Search,10.0,Search_TM_Campaign_03
2635,570837628,2026-04-01,0.0,0.0,0,13,0.0,Search,20.0,Search_NTM_Campaign_01
2058,570837619,2026-04-01,0.0,3.97,5,133,0.0,PerformanceMax,10.0,Pmax_NTM_Campaign_13
1131,570837607,2026-04-01,0.0,0.0,0,275,0.0,PerformanceMax,10.0,Pmax_NTM_Campaign_01
1268,570837608,2026-04-01,0.0,0.0,0,0,0.0,PerformanceMax,10.0,Pmax_NTM_Campaign_02
1547,570837611,2026-04-01,0.0,0.0,0,0,0.0,PerformanceMax,10.0,Pmax_NTM_Campaign_05
2059,570837619,2026-04-02,0.0,9.98,8,244,0.0,PerformanceMax,10.0,Pmax_NTM_Campaign_13
1132,570837607,2026-04-02,0.0,0.94,8,413,0.0,PerformanceMax,10.0,Pmax_NTM_Campaign_01
2310,570837623,2026-04-02,0.0,0.0,0,1,0.0,PerformanceMax,10.0,Pmax_NTM_Campaign_17
2636,570837628,2026-04-02,0.0,0.0,0,8,0.0,Search,20.0,Search_NTM_Campaign_01
2060,570837619,2026-04-03,0.0,9.89,16,638,0.0,PerformanceMax,10.0,Pmax_NTM_Campaign_13
1133,570837607,2026-04-03,0.0,1.15,7,423,0.0,PerformanceMax,10.0,Pmax_NTM_Campaign_01
2311,570837623,2026-04-03,0.0,0.0,0,1,0.0,PerformanceMax,10.0,Pmax_NTM_Campaign_17
2637,570837628,2026-04-03,0.0,0.05,1,8,0.0,Search,20.0,Search_NTM_Campaign_01
2312,570837623,2026-04-04,0.0,5.02,1,39,0.0,PerformanceMax,10.0,Pmax_NTM_Campaign_17
2638,570837628,2026-04-04,79.06,12.68,16,455,1.0,Search,20.0,Search_NTM_Campaign_01
2061,570837619,2026-04-04,0.0,10.37,10,533,0.0,PerformanceMax,10.0,Pmax_NTM_Campaign_13
2238,570837622,2026-04-04,0.0,0.0,0,13,0.0,PerformanceMax,10.0,Pmax_NTM_Campaign_16
1980,570837618,2026-04-04,0.0,0.0,0,13,0.0,PerformanceMax,10.0,Pmax_NTM_Campaign_12
2810,570837633,2026-04-04,0.0,0.0,0,11,0.0,Shopping,10.0,Shopping_NTM_Campaign_01
1473,570837610,2026-04-04,0.0,0.0,0,8,0.0,PerformanceMax,10.0,Pmax_NTM_Campaign_04
1134,570837607,2026-04-04,0.0,10.29,11,694,0.0,PerformanceMax,10.0,Pmax_NTM_Campaign_01
1548,570837611,2026-04-04,0.0,0.0,0,2,0.0,PerformanceMax,10.0,Pmax_NTM_Campaign_05
621,566560838,2026-04-04,0.0,0.0,0,2,0.0,Search,10.0,Search_TM_Campaign_02
1269,570837608,2026-04-04,0.0,0.0,0,6,0.0,PerformanceMax,10.0,Pmax_NTM_Campaign_02
1340,570837609,2026-04-04,0.0,0.07,1,2,0.0,PerformanceMax,20.0,Pmax_NTM_Campaign_03
1907,570837617,2026-04-04,0.0,0.0,0,3,0.0,PerformanceMax,10.0,Pmax_NTM_Campaign_11
2438,570837625,2026-04-04,0.0,0.0,0,3,0.0,PerformanceMax,10.0,Pmax_NTM_Campaign_19
1675,570837613,2026-04-04,0.0,0.0,0,8,0.0,PerformanceMax,10.0,Pmax_NTM_Campaign_07
2784,570837632,2026-04-04,108.0,0.32,6,25,1.0,Search,10.0,Search_TM_Campaign_06
2239,570837622,2026-04-05,0.0,0.83,1,15,0.0,PerformanceMax,10.0,Pmax_NTM_Campaign_16
2439,570837625,2026-04-05,0.0,0.0,0,1,0.0,PerformanceMax,10.0,Pmax_NTM_Campaign_19
1981,570837618,2026-04-05,0.0,0.0,0,19,0.0,PerformanceMax,10.0,Pmax_NTM_Campaign_12
2313,570837623,2026-04-05,0.0,2.42,1,74,0.0,PerformanceMax,10.0,Pmax_NTM_Campaign_17
622,566560838,2026-04-05,0.0,0.0,0,1,0.0,Search,10.0,Search_TM_Campaign_02
1135,570837607,2026-04-05,0.0,10.41,11,1281,0.0,PerformanceMax,10.0,Pmax_NTM_Campaign_01
1908,570837617,2026-04-05,0.0,0.0,0,3,0.0,PerformanceMax,10.0,Pmax_NTM_Campaign_11
2785,570837632,2026-04-05,0.0,0.5900000000000001,9,48,0.0,Search,10.0,Search_TM_Campaign_06
1549,570837611,2026-04-05,0.0,0.0,0,3,0.0,PerformanceMax,10.0,Pmax_NTM_Campaign_05
1474,570837610,2026-04-05,0.0,0.0,0,7,0.0,PerformanceMax,10.0,Pmax_NTM_Campaign_04
2811,570837633,2026-04-05,0.0,0.0,0,12,0.0,Shopping,10.0,Shopping_NTM_Campaign_01
1270,570837608,2026-04-05,0.0,0.0,0,5,0.0,PerformanceMax,10.0,Pmax_NTM_Campaign_02
2062,570837619,2026-04-05,0.0,10.2,10,1086,0.0,PerformanceMax,10.0,Pmax_NTM_Campaign_13
1676,570837613,2026-04-05,0.0,0.0,0,20,0.0,PerformanceMax,10.0,Pmax_NTM_Campaign_07
1341,570837609,2026-04-05,0.0,0.0,0,0,0.0,PerformanceMax,20.0,Pmax_NTM_Campaign_03
2639,570837628,2026-04-05,0.0,4.87,20,339,0.0,Search,20.0,Search_NTM_Campaign_01
1136,570837607,2026-04-06,0.0,54.35,26,2524,0.0,PerformanceMax,10.0,Pmax_NTM_Campaign_01
2063,570837619,2026-04-06,0.0,2.55,2,88,0.0,PerformanceMax,10.0,Pmax_NTM_Campaign_13
1982,570837618,2026-04-06,0.0,0.0,0,0,0.0,PerformanceMax,10.0,Pmax_NTM_Campaign_12
2640,570837628,2026-04-06,0.0,31.04,38,932,0.0,Search,20.0,Search_NTM_Campaign_01
2812,570837633,2026-04-06,0.0,0.0,0,2,0.0,Shopping,10.0,Shopping_NTM_Campaign_01
1677,570837613,2026-04-06,0.0,0.0,0,0,0.0,PerformanceMax,10.0,Pmax_NTM_Campaign_07
1550,570837611,2026-04-06,0.0,0.0,0,0,0.0,PerformanceMax,10.0,Pmax_NTM_Campaign_05
2501,570837627,2026-04-06,0.0,0.54,5,26,0.0,Search,20.0,Search_TM_Campaign_05
1342,570837609,2026-04-06,0.0,1.63,1,14,0.0,PerformanceMax,20.0,Pmax_NTM_Campaign_03
2314,570837623,2026-04-06,0.0,0.0,0,1,0.0,PerformanceMax,10.0,Pmax_NTM_Campaign_17
2440,570837625,2026-04-06,0.0,0.0,0,0,0.0,PerformanceMax,10.0,Pmax_NTM_Campaign_19
623,566560838,2026-04-06,0.0,0.61,8,27,0.0,Search,10.0,Search_TM_Campaign_02
1475,570837610,2026-04-06,0.0,0.0,0,0,0.0,PerformanceMax,10.0,Pmax_NTM_Campaign_04
1909,570837617,2026-04-06,0.0,0.0,0,0,0.0,PerformanceMax,10.0,Pmax_NTM_Campaign_11
1343,570837609,2026-04-07,0.0,0.0,0,17,0.0,PerformanceMax,20.0,Pmax_NTM_Campaign_03
624,566560838,2026-04-07,0.0,2.69,29,123,0.0,Search,10.0,Search_TM_Campaign_02
2502,570837627,2026-04-07,0.0,2.01,12,104,0.0,Search,20.0,Search_TM_Campaign_05
2641,570837628,2026-04-07,345.0,103.06,87,2557,1.0,Search,20.0,Search_NTM_Campaign_01
2813,570837633,2026-04-07,0.0,0.0,0,68,0.0,Shopping,10.0,Shopping_NTM_Campaign_01
1137,570837607,2026-04-07,0.0,97.28,39,5226,0.0,PerformanceMax,10.0,Pmax_NTM_Campaign_01
625,566560838,2026-04-08,451.57,10.74,38,311,4.0,Search,10.0,Search_TM_Campaign_02
2503,570837627,2026-04-08,0.0,0.56,10,81,0.0,Search,20.0,Search_TM_Campaign_05
1344,570837609,2026-04-08,0.0,36.56,132,18841,0.0,PerformanceMax,20.0,Pmax_NTM_Campaign_03
2642,570837628,2026-04-08,0.0,102.92,52,1961,0.0,Search,20.0,Search_NTM_Campaign_01
2814,570837633,2026-04-08,0.0,0.0,0,69,0.0,Shopping,10.0,Shopping_NTM_Campaign_01
1138,570837607,2026-04-08,0.0,103.91,27,3064,0.0,PerformanceMax,10.0,Pmax_NTM_Campaign_01
1139,570837607,2026-04-09,0.0,105.04,70,7141,0.0,PerformanceMax,10.0,Pmax_NTM_Campaign_01
626,566560838,2026-04-09,0.0,12.900000000000002,44,332,0.0,Search,10.0,Search_TM_Campaign_02
2643,570837628,2026-04-09,0.0,103.8,46,2474,0.0,Search,20.0,Search_NTM_Campaign_01
1345,570837609,2026-04-09,162.56,9.12,16,934,1.0,PerformanceMax,20.0,Pmax_NTM_Campaign_03
2815,570837633,2026-04-09,0.0,0.05,2,50,0.0,Shopping,10.0,Shopping_NTM_Campaign_01
2504,570837627,2026-04-09,0.0,2.46,10,184,0.0,Search,20.0,Search_TM_Campaign_05
2816,570837633,2026-04-10,0.0,0.23,4,133,0.0,Shopping,10.0,Shopping_NTM_Campaign_01
627,566560838,2026-04-10,0.0,14.0,26,312,0.0,Search,10.0,Search_TM_Campaign_02
2505,570837627,2026-04-10,70.98,17.5,27,296,2.0,Search,20.0,Search_TM_Campaign_05
2644,570837628,2026-04-10,0.0,103.04,40,1885,0.0,Search,20.0,Search_NTM_Campaign_01
1346,570837609,2026-04-10,0.0,14.84,7,417,0.0,PerformanceMax,20.0,Pmax_NTM_Campaign_03
1140,570837607,2026-04-10,0.0,103.54,61,9042,0.0,PerformanceMax,10.0,Pmax_NTM_Campaign_01
628,566560838,2026-04-11,0.0,29.790000000000003,39,465,0.0,Search,10.0,Search_TM_Campaign_02
1141,570837607,2026-04-11,0.0,103.91,88,11537,0.0,PerformanceMax,10.0,Pmax_NTM_Campaign_01
2645,570837628,2026-04-11,51.27,103.48,74,3286,1.0,Search,20.0,Search_NTM_Campaign_01
2506,570837627,2026-04-11,0.0,35.83,39,1389,0.0,Search,20.0,Search_TM_Campaign_05
2817,570837633,2026-04-11,0.0,0.02,1,175,0.0,Shopping,10.0,Shopping_NTM_Campaign_01
1347,570837609,2026-04-11,0.0,50.13,41,3147,0.0,PerformanceMax,20.0,Pmax_NTM_Campaign_03
1348,570837609,2026-04-12,0.0,111.22,58,3688,0.0,PerformanceMax,20.0,Pmax_NTM_Campaign_03
2507,570837627,2026-04-12,136.0,39.55,45,2361,1.0,Search,20.0,Search_TM_Campaign_05
2818,570837633,2026-04-12,0.0,1.26,6,146,0.0,Shopping,10.0,Shopping_NTM_Campaign_01
2646,570837628,2026-04-12,0.0,103.54,92,2956,0.0,Search,20.0,Search_NTM_Campaign_01
1142,570837607,2026-04-12,0.0,103.49,78,8461,0.0,PerformanceMax,10.0,Pmax_NTM_Campaign_01
629,566560838,2026-04-12,0.0,46.56,43,2670,0.0,Search,10.0,Search_TM_Campaign_02
1143,570837607,2026-04-13,0.0,104.75,54,6224,0.0,PerformanceMax,10.0,Pmax_NTM_Campaign_01
1349,570837609,2026-04-13,0.0,103.84,60,4559,0.0,PerformanceMax,20.0,Pmax_NTM_Campaign_03
630,566560838,2026-04-13,0.0,102.04,48,2427,0.0,Search,10.0,Search_TM_Campaign_02
2508,570837627,2026-04-13,0.0,59.93,35,6151,0.0,Search,20.0,Search_TM_Campaign_05
2647,570837628,2026-04-13,0.0,103.59,45,2982,0.0,Search,20.0,Search_NTM_Campaign_01
2819,570837633,2026-04-13,0.0,0.16,3,352,0.0,Shopping,10.0,Shopping_NTM_Campaign_01
2509,570837627,2026-04-14,0.0,35.550000000000004,17,152,0.0,Search,20.0,Search_TM_Campaign_05
631,566560838,2026-04-14,0.0,31.13,21,190,0.0,Search,10.0,Search_TM_Campaign_02
2820,570837633,2026-04-14,0.0,0.44,6,358,0.0,Shopping,10.0,Shopping_NTM_Campaign_01
1350,570837609,2026-04-14,0.0,31.15,24,2471,0.0,PerformanceMax,20.0,Pmax_NTM_Campaign_03
2648,570837628,2026-04-14,0.0,30.59,11,647,0.0,Search,20.0,Search_NTM_Campaign_01
1144,570837607,2026-04-14,0.0,30.95,30,6312,0.0,PerformanceMax,10.0,Pmax_NTM_Campaign_01
1145,570837607,2026-04-15,0.0,30.46,27,5555,0.0,PerformanceMax,10.0,Pmax_NTM_Campaign_01
1351,570837609,2026-04-15,0.0,11.89,14,2607,0.0,PerformanceMax,20.0,Pmax_NTM_Campaign_03
2649,570837628,2026-04-15,0.0,31.18,21,1291,0.0,Search,20.0,Search_NTM_Campaign_01
2821,570837633,2026-04-15,0.0,0.38,5,227,0.0,Shopping,10.0,Shopping_NTM_Campaign_01
2510,570837627,2026-04-15,347.75,31.12,23,196,1.0,Search,20.0,Search_TM_Campaign_05
632,566560838,2026-04-15,85.0,31.17,14,80,1.0,Search,10.0,Search_TM_Campaign_02
1352,570837609,2026-04-16,0.0,34.1,26,2379,0.0,PerformanceMax,20.0,Pmax_NTM_Campaign_03
2822,570837633,2026-04-16,0.0,0.06,1,285,0.0,Shopping,10.0,Shopping_NTM_Campaign_01
1146,570837607,2026-04-16,0.0,31.24,39,5995,0.0,PerformanceMax,10.0,Pmax_NTM_Campaign_01
2650,570837628,2026-04-16,0.0,31.19,23,693,0.0,Search,20.0,Search_NTM_Campaign_01
633,566560838,2026-04-16,0.0,32.92,19,230,0.0,Search,10.0,Search_TM_Campaign_02
2511,570837627,2026-04-16,75.43,31.2,18,109,1.0,Search,20.0,Search_TM_Campaign_05
634,566560838,2026-04-17,0.0,30.290000000000003,20,153,0.0,Search,10.0,Search_TM_Campaign_02
1147,570837607,2026-04-17,0.0,32.83,39,6789,0.0,PerformanceMax,10.0,Pmax_NTM_Campaign_01
2512,570837627,2026-04-17,0.0,31.15,21,197,0.0,Search,20.0,Search_TM_Campaign_05
1353,570837609,2026-04-17,0.0,30.94,25,2969,0.0,PerformanceMax,20.0,Pmax_NTM_Campaign_03
2651,570837628,2026-04-17,0.0,31.03,26,1442,0.0,Search,20.0,Search_NTM_Campaign_01
2823,570837633,2026-04-17,0.0,0.3399999999999999,2,415,0.0,Shopping,10.0,Shopping_NTM_Campaign_01
1354,570837609,2026-04-18,0.0,30.21,21,2149,0.0,PerformanceMax,20.0,Pmax_NTM_Campaign_03
635,566560838,2026-04-18,0.0,30.85,30,263,0.0,Search,10.0,Search_TM_Campaign_02
2513,570837627,2026-04-18,0.0,30.08,26,252,0.0,Search,20.0,Search_TM_Campaign_05
2824,570837633,2026-04-18,0.0,0.15,3,188,0.0,Shopping,10.0,Shopping_NTM_Campaign_01
2652,570837628,2026-04-18,0.0,31.12,26,637,0.0,Search,20.0,Search_NTM_Campaign_01
1148,570837607,2026-04-18,0.0,12.66,26,2925,0.0,PerformanceMax,10.0,Pmax_NTM_Campaign_01
2653,570837628,2026-04-19,0.0,31.37,31,1186,0.0,Search,20.0,Search_NTM_Campaign_01
2825,570837633,2026-04-19,0.0,0.6200000000000001,3,236,0.0,Shopping,10.0,Shopping_NTM_Campaign_01
1355,570837609,2026-04-19,0.0,31.07,26,3791,0.0,PerformanceMax,20.0,Pmax_NTM_Campaign_03
636,566560838,2026-04-19,0.0,30.45,23,333,0.0,Search,10.0,Search_TM_Campaign_02
1149,570837607,2026-04-19,50.0,13.23,29,3698,1.0,PerformanceMax,10.0,Pmax_NTM_Campaign_01
2514,570837627,2026-04-19,450.0,28.81,29,409,1.0,Search,20.0,Search_TM_Campaign_05
1150,570837607,2026-04-20,0.0,31.18,35,5597,0.0,PerformanceMax,10.0,Pmax_NTM_Campaign_01
2826,570837633,2026-04-20,0.0,0.18,2,184,0.0,Shopping,10.0,Shopping_NTM_Campaign_01
1356,570837609,2026-04-20,0.0,30.41,24,3002,0.0,PerformanceMax,20.0,Pmax_NTM_Campaign_03
637,566560838,2026-04-20,0.0,31.200000000000003,30,184,0.0,Search,10.0,Search_TM_Campaign_02
2515,570837627,2026-04-20,0.0,31.17,30,204,0.0,Search,20.0,Search_TM_Campaign_05
2654,570837628,2026-04-20,0.0,30.5,37,1972,0.0,Search,20.0,Search_NTM_Campaign_01
2516,570837627,2026-04-21,0.0,20.78,18,132,0.0,Search,20.0,Search_TM_Campaign_05
1151,570837607,2026-04-21,0.0,4.47,18,1377,0.0,PerformanceMax,10.0,Pmax_NTM_Campaign_01
638,566560838,2026-04-21,0.0,20.77,13,73,0.0,Search,10.0,Search_TM_Campaign_02
2655,570837628,2026-04-21,0.0,4.5200000000000005,5,645,0.0,Search,20.0,Search_NTM_Campaign_01
1357,570837609,2026-04-21,0.0,20.01,18,1620,0.0,PerformanceMax,20.0,Pmax_NTM_Campaign_03
2827,570837633,2026-04-21,0.0,0.47,4,254,0.0,Shopping,10.0,Shopping_NTM_Campaign_01
1152,570837607,2026-04-22,0.0,10.38,26,1886,0.0,PerformanceMax,10.0,Pmax_NTM_Campaign_01
1358,570837609,2026-04-22,255.0,20.15,22,2824,1.0,PerformanceMax,20.0,Pmax_NTM_Campaign_03
2828,570837633,2026-04-22,0.0,0.0,0,260,0.0,Shopping,10.0,Shopping_NTM_Campaign_01
2517,570837627,2026-04-22,25.0,20.21,6,95,1.0,Search,20.0,Search_TM_Campaign_05
639,566560838,2026-04-22,0.0,20.37,19,153,0.0,Search,10.0,Search_TM_Campaign_02
2518,570837627,2026-04-23,0.0,20.8,16,122,0.0,Search,20.0,Search_TM_Campaign_05
2829,570837633,2026-04-23,0.0,1.5,7,603,0.0,Shopping,10.0,Shopping_NTM_Campaign_01
1359,570837609,2026-04-23,0.0,20.5,21,3951,0.0,PerformanceMax,20.0,Pmax_NTM_Campaign_03
1153,570837607,2026-04-23,28.0,20.76,21,3915,1.0,PerformanceMax,10.0,Pmax_NTM_Campaign_01
640,566560838,2026-04-23,0.0,20.55,20,135,0.0,Search,10.0,Search_TM_Campaign_02
1360,570837609,2026-04-24,0.0,20.78,10,1393,0.0,PerformanceMax,20.0,Pmax_NTM_Campaign_03
1154,570837607,2026-04-24,0.0,21.03,16,3710,0.0,PerformanceMax,10.0,Pmax_NTM_Campaign_01
2519,570837627,2026-04-24,0.0,20.45,23,169,0.0,Search,20.0,Search_TM_Campaign_05
641,566560838,2026-04-24,404.2,20.24,36,207,2.0,Search,10.0,Search_TM_Campaign_02
2830,570837633,2026-04-24,0.0,1.51,9,940,0.0,Shopping,10.0,Shopping_NTM_Campaign_01
2520,570837627,2026-04-25,0.0,20.73,19,193,0.0,Search,20.0,Search_TM_Campaign_05
642,566560838,2026-04-25,0.0,20.8,24,144,0.0,Search,10.0,Search_TM_Campaign_02
1155,570837607,2026-04-25,0.0,20.71,28,3327,0.0,PerformanceMax,10.0,Pmax_NTM_Campaign_01
2831,570837633,2026-04-25,0.0,0.8999999999999999,5,360,0.0,Shopping,10.0,Shopping_NTM_Campaign_01
1361,570837609,2026-04-25,0.0,9.57,12,2864,0.0,PerformanceMax,20.0,Pmax_NTM_Campaign_03
1362,570837609,2026-04-26,0.0,16.86,15,3274,0.0,PerformanceMax,20.0,Pmax_NTM_Campaign_03
2832,570837633,2026-04-26,0.0,0.11,2,203,0.0,Shopping,10.0,Shopping_NTM_Campaign_01
643,566560838,2026-04-26,241.68,17.16,40,234,2.0,Search,10.0,Search_TM_Campaign_02
2521,570837627,2026-04-26,344.8,20.79,22,146,1.0,Search,20.0,Search_TM_Campaign_05
1156,570837607,2026-04-26,0.0,21.75,32,3999,0.0,PerformanceMax,10.0,Pmax_NTM_Campaign_01
2522,570837627,2026-04-27,0.0,20.8,20,178,0.0,Search,20.0,Search_TM_Campaign_05
1157,570837607,2026-04-27,0.0,23.59,34,5992,0.0,PerformanceMax,10.0,Pmax_NTM_Campaign_01
2833,570837633,2026-04-27,0.0,0.0,0,297,0.0,Shopping,10.0,Shopping_NTM_Campaign_01
644,566560838,2026-04-27,206.5,20.76,28,196,2.0,Search,10.0,Search_TM_Campaign_02
1363,570837609,2026-04-27,86.7,21.67,14,1866,1.0,PerformanceMax,20.0,Pmax_NTM_Campaign_03
645,566560838,2026-04-28,25.0,4.61,33,234,1.0,Search,10.0,Search_TM_Campaign_02
1364,570837609,2026-04-28,0.0,1.3,4,1264,0.0,PerformanceMax,20.0,Pmax_NTM_Campaign_03
1158,570837607,2026-04-28,0.0,6.49,6,408,0.0,PerformanceMax,10.0,Pmax_NTM_Campaign_01
2834,570837633,2026-04-28,0.0,0.17,4,461,0.0,Shopping,10.0,Shopping_NTM_Campaign_01
2523,570837627,2026-04-28,0.0,5.27,8,47,0.0,Search,20.0,Search_TM_Campaign_05
646,566560838,2026-04-29,46.26,5.17,21,113,1.0,Search,10.0,Search_TM_Campaign_02
1159,570837607,2026-04-29,0.0,5.2,20,1903,0.0,PerformanceMax,10.0,Pmax_NTM_Campaign_01
1365,570837609,2026-04-29,0.0,3.99,8,917,0.0,PerformanceMax,20.0,Pmax_NTM_Campaign_03
2835,570837633,2026-04-29,0.0,0.26,5,206,0.0,Shopping,10.0,Shopping_NTM_Campaign_01
2524,570837627,2026-04-29,0.0,5.2,10,170,0.0,Search,20.0,Search_TM_Campaign_05
1160,570837607,2026-04-30,0.0,3.0500000000000003,8,532,0.0,PerformanceMax,10.0,Pmax_NTM_Campaign_01
1366,570837609,2026-04-30,0.0,3.94,14,691,0.0,PerformanceMax,20.0,Pmax_NTM_Campaign_03
647,566560838,2026-04-30,0.0,5.24,19,121,0.0,Search,10.0,Search_TM_Campaign_02
2836,570837633,2026-04-30,0.0,0.25,5,387,0.0,Shopping,10.0,Shopping_NTM_Campaign_01
2525,570837627,2026-04-30,0.0,4.58,11,51,0.0,Search,20.0,Search_TM_Campaign_05
2526,570837627,2026-05-01,0.0,5.15,16,167,0.0,Search,20.0,Search_TM_Campaign_05
1367,570837609,2026-05-01,0.0,5.17,12,1572,0.0,PerformanceMax,20.0,Pmax_NTM_Campaign_03
1161,570837607,2026-05-01,0.0,4.74,11,1228,0.0,PerformanceMax,10.0,Pmax_NTM_Campaign_01
2837,570837633,2026-05-01,0.0,0.14,2,289,0.0,Shopping,10.0,Shopping_NTM_Campaign_01
648,566560838,2026-05-01,0.0,5.0,24,138,0.0,Search,10.0,Search_TM_Campaign_02
649,566560838,2026-05-02,0.0,5.19,14,125,0.0,Search,10.0,Search_TM_Campaign_02
1368,570837609,2026-05-02,0.0,5.08,9,625,0.0,PerformanceMax,20.0,Pmax_NTM_Campaign_03
1162,570837607,2026-05-02,0.0,3.56,21,1344,0.0,PerformanceMax,10.0,Pmax_NTM_Campaign_01
2527,570837627,2026-05-02,119.0,5.23,12,90,1.0,Search,20.0,Search_TM_Campaign_05
2838,570837633,2026-05-02,0.0,0.18,4,209,0.0,Shopping,10.0,Shopping_NTM_Campaign_01
1369,570837609,2026-05-03,0.0,5.73,11,835,0.0,PerformanceMax,20.0,Pmax_NTM_Campaign_03
1163,570837607,2026-05-03,0.0,2.57,9,1208,0.0,PerformanceMax,10.0,Pmax_NTM_Campaign_01
2528,570837627,2026-05-03,0.0,5.19,12,104,0.0,Search,20.0,Search_TM_Campaign_05
2839,570837633,2026-05-03,0.0,0.12,2,204,0.0,Shopping,10.0,Shopping_NTM_Campaign_01
650,566560838,2026-05-03,0.0,5.2,15,92,0.0,Search,10.0,Search_TM_Campaign_02
1370,570837609,2026-05-04,0.0,36.31,36,5907,0.0,PerformanceMax,20.0,Pmax_NTM_Campaign_03
2840,570837633,2026-05-04,0.0,0.3,2,140,0.0,Shopping,10.0,Shopping_NTM_Campaign_01
2529,570837627,2026-05-04,0.0,35.33,25,248,0.0,Search,20.0,Search_TM_Campaign_05
651,566560838,2026-05-04,114.13,33.66,41,219,1.0,Search,10.0,Search_TM_Campaign_02
1164,570837607,2026-05-04,0.0,29.23,22,3706,0.0,PerformanceMax,10.0,Pmax_NTM_Campaign_01
2841,570837633,2026-05-05,0.0,0.44,6,141,0.0,Shopping,10.0,Shopping_NTM_Campaign_01
1371,570837609,2026-05-05,0.0,26.56,30,7858,0.0,PerformanceMax,20.0,Pmax_NTM_Campaign_03
652,566560838,2026-05-05,133.29,40.73,32,243,1.0,Search,10.0,Search_TM_Campaign_02
1165,570837607,2026-05-05,0.0,23.95,38,6497,0.0,PerformanceMax,10.0,Pmax_NTM_Campaign_01
2530,570837627,2026-05-05,0.0,27.63,29,252,0.0,Search,20.0,Search_TM_Campaign_05
1166,570837607,2026-05-06,0.0,34.36,41,5980,0.0,PerformanceMax,10.0,Pmax_NTM_Campaign_01
1372,570837609,2026-05-06,0.0,17.26,21,3683,0.0,PerformanceMax,20.0,Pmax_NTM_Campaign_03
2842,570837633,2026-05-06,0.0,0.05,1,161,0.0,Shopping,10.0,Shopping_NTM_Campaign_01
2531,570837627,2026-05-06,48.98,13.28,18,152,1.0,Search,20.0,Search_TM_Campaign_05
653,566560838,2026-05-06,0.0,36.95,37,290,0.0,Search,10.0,Search_TM_Campaign_02
654,566560838,2026-05-07,0.0,41.62,34,349,0.0,Search,10.0,Search_TM_Campaign_02
2843,570837633,2026-05-07,0.0,0.28,4,203,0.0,Shopping,10.0,Shopping_NTM_Campaign_01
1373,570837609,2026-05-07,0.0,10.09,13,2523,0.0,PerformanceMax,20.0,Pmax_NTM_Campaign_03
2532,570837627,2026-05-07,174.96,41.02,34,229,1.0,Search,20.0,Search_TM_Campaign_05
1167,570837607,2026-05-07,0.0,24.39,39,5331,0.0,PerformanceMax,10.0,Pmax_NTM_Campaign_01
655,566560838,2026-05-08,238.5,45.21,37,311,1.0,Search,10.0,Search_TM_Campaign_02
1374,570837609,2026-05-08,0.0,4.48,10,1691,0.0,PerformanceMax,20.0,Pmax_NTM_Campaign_03
1168,570837607,2026-05-08,180.0,18.27,25,4127,1.0,PerformanceMax,10.0,Pmax_NTM_Campaign_01
2844,570837633,2026-05-08,0.0,0.27,4,150,0.0,Shopping,10.0,Shopping_NTM_Campaign_01
2533,570837627,2026-05-08,44.62,60.6,39,238,1.0,Search,20.0,Search_TM_Campaign_05
1375,570837609,2026-05-09,0.0,0.77,7,764,0.0,PerformanceMax,20.0,Pmax_NTM_Campaign_03
1169,570837607,2026-05-09,0.0,0.0,0,160,0.0,PerformanceMax,10.0,Pmax_NTM_Campaign_01
2534,570837627,2026-05-09,0.0,2.9000000000000004,11,122,0.0,Search,20.0,Search_TM_Campaign_05
2845,570837633,2026-05-09,0.0,0.59,7,526,0.0,Shopping,10.0,Shopping_NTM_Campaign_01
656,566560838,2026-05-09,0.0,47.92,27,423,0.0,Search,10.0,Search_TM_Campaign_02
1376,570837609,2026-05-10,0.0,6.42,9,1243,0.0,PerformanceMax,20.0,Pmax_NTM_Campaign_03
1170,570837607,2026-05-10,0.0,0.0,0,79,0.0,PerformanceMax,10.0,Pmax_NTM_Campaign_01
2535,570837627,2026-05-10,0.0,18.03,28,196,0.0,Search,20.0,Search_TM_Campaign_05
2846,570837633,2026-05-10,0.0,0.17,4,387,0.0,Shopping,10.0,Shopping_NTM_Campaign_01
657,566560838,2026-05-10,0.0,49.06,22,150,0.0,Search,10.0,Search_TM_Campaign_02
1377,570837609,2026-05-11,0.0,50.33,39,6446,0.0,PerformanceMax,20.0,Pmax_NTM_Campaign_03
2847,570837633,2026-05-11,0.0,0.12,3,56,0.0,Shopping,10.0,Shopping_NTM_Campaign_01
2536,570837627,2026-05-11,0.0,51.97,32,183,0.0,Search,20.0,Search_TM_Campaign_05
1171,570837607,2026-05-11,0.0,24.23,28,4325,0.0,PerformanceMax,10.0,Pmax_NTM_Campaign_01
658,566560838,2026-05-11,25.0,50.06,40,270,1.0,Search,10.0,Search_TM_Campaign_02
1378,570837609,2026-05-12,0.0,51.88999999999999,46,6906,0.0,PerformanceMax,20.0,Pmax_NTM_Campaign_03
2537,570837627,2026-05-12,162.01,50.09,31,271,1.0,Search,20.0,Search_TM_Campaign_05
1172,570837607,2026-05-12,0.0,13.51,28,3057,0.0,PerformanceMax,10.0,Pmax_NTM_Campaign_01
659,566560838,2026-05-12,0.0,36.86,23,330,0.0,Search,10.0,Search_TM_Campaign_02
2848,570837633,2026-05-12,0.0,0.05,1,33,0.0,Shopping,10.0,Shopping_NTM_Campaign_01
660,566560838,2026-05-13,116.06,49.75,35,310,1.0,Search,10.0,Search_TM_Campaign_02
1173,570837607,2026-05-13,0.0,29.17,34,4492,0.0,PerformanceMax,10.0,Pmax_NTM_Campaign_01
2849,570837633,2026-05-13,0.0,0.07,2,48,0.0,Shopping,10.0,Shopping_NTM_Campaign_01
1379,570837609,2026-05-13,0.0,10.56,11,2131,0.0,PerformanceMax,20.0,Pmax_NTM_Campaign_03
2538,570837627,2026-05-13,0.0,50.27,36,329,0.0,Search,20.0,Search_TM_Campaign_05
661,566560838,2026-05-14,0.0,51.02,23,168,0.0,Search,10.0,Search_TM_Campaign_02
1174,570837607,2026-05-14,96.64,55.73,73,6711,1.0,PerformanceMax,10.0,Pmax_NTM_Campaign_01
1380,570837609,2026-05-14,0.0,7.66,12,1542,0.0,PerformanceMax,20.0,Pmax_NTM_Campaign_03
2850,570837633,2026-05-14,0.0,0.13,2,42,0.0,Shopping,10.0,Shopping_NTM_Campaign_01
2539,570837627,2026-05-14,0.0,50.3,37,268,0.0,Search,20.0,Search_TM_Campaign_05
1175,570837607,2026-05-15,0.0,62.81999999999999,51,6137,0.0,PerformanceMax,10.0,Pmax_NTM_Campaign_01
2540,570837627,2026-05-15,0.0,50.190000000000005,35,262,0.0,Search,20.0,Search_TM_Campaign_05
2851,570837633,2026-05-15,0.0,0.27,3,52,0.0,Shopping,10.0,Shopping_NTM_Campaign_01
1381,570837609,2026-05-15,0.0,7.81,11,1764,0.0,PerformanceMax,20.0,Pmax_NTM_Campaign_03
662,566560838,2026-05-15,1510.0,49.46,34,272,1.0,Search,10.0,Search_TM_Campaign_02
2852,570837633,2026-05-16,0.0,0.1,2,52,0.0,Shopping,10.0,Shopping_NTM_Campaign_01
1382,570837609,2026-05-16,0.0,0.16,2,220,0.0,PerformanceMax,20.0,Pmax_NTM_Campaign_03
1176,570837607,2026-05-16,0.0,3.83,10,1717,0.0,PerformanceMax,10.0,Pmax_NTM_Campaign_01
663,566560838,2026-05-16,210.59,38.35,28,223,3.0,Search,10.0,Search_TM_Campaign_02
2541,570837627,2026-05-16,0.0,45.06,22,474,0.0,Search,20.0,Search_TM_Campaign_05
1383,570837609,2026-05-17,0.0,0.0,0,192,0.0,PerformanceMax,20.0,Pmax_NTM_Campaign_03
664,566560838,2026-05-17,0.0,42.16,37,272,0.0,Search,10.0,Search_TM_Campaign_02
2853,570837633,2026-05-17,0.0,0.07,2,72,0.0,Shopping,10.0,Shopping_NTM_Campaign_01
1177,570837607,2026-05-17,0.0,23.82,34,3845,0.0,PerformanceMax,10.0,Pmax_NTM_Campaign_01
2542,570837627,2026-05-17,0.0,51.98,13,180,0.0,Search,20.0,Search_TM_Campaign_05
1384,570837609,2026-05-18,0.0,53.38,34,3916,0.0,PerformanceMax,20.0,Pmax_NTM_Campaign_03
1178,570837607,2026-05-18,61.99,63.22,43,6239,1.0,PerformanceMax,10.0,Pmax_NTM_Campaign_01
2543,570837627,2026-05-18,252.6,50.580000000000005,34,158,1.0,Search,20.0,Search_TM_Campaign_05
2854,570837633,2026-05-18,0.0,0.44,7,209,0.0,Shopping,10.0,Shopping_NTM_Campaign_01
665,566560838,2026-05-18,0.0,54.66,32,217,0.0,Search,10.0,Search_TM_Campaign_02
1179,570837607,2026-05-19,53.3,68.62,47,5238,1.0,PerformanceMax,10.0,Pmax_NTM_Campaign_01
2855,570837633,2026-05-19,0.0,0.44,7,368,0.0,Shopping,10.0,Shopping_NTM_Campaign_01
1385,570837609,2026-05-19,122.15,21.74,18,1519,2.0,PerformanceMax,20.0,Pmax_NTM_Campaign_03
666,566560838,2026-05-19,0.0,41.53,21,147,0.0,Search,10.0,Search_TM_Campaign_02
2544,570837627,2026-05-19,62.99,38.96,29,283,1.0,Search,20.0,Search_TM_Campaign_05
1386,570837609,2026-05-20,0.0,0.18,3,972,0.0,PerformanceMax,20.0,Pmax_NTM_Campaign_03
2545,570837627,2026-05-20,299.0,33.480000000000004,32,270,1.0,Search,20.0,Search_TM_Campaign_05
1180,570837607,2026-05-20,141.69,57.06,51,5685,2.0,PerformanceMax,10.0,Pmax_NTM_Campaign_01
667,566560838,2026-05-20,0.0,50.67,28,242,0.0,Search,10.0,Search_TM_Campaign_02
2856,570837633,2026-05-20,0.0,0.41,8,249,0.0,Shopping,10.0,Shopping_NTM_Campaign_01
1387,570837609,2026-05-21,0.0,44.99,30,4112,0.0,PerformanceMax,20.0,Pmax_NTM_Campaign_03
1181,570837607,2026-05-21,0.0,54.51,32,3467,0.0,PerformanceMax,10.0,Pmax_NTM_Campaign_01
668,566560838,2026-05-21,0.0,49.08,37,242,0.0,Search,10.0,Search_TM_Campaign_02
2857,570837633,2026-05-21,0.0,1.62,11,238,0.0,Shopping,10.0,Shopping_NTM_Campaign_01
2546,570837627,2026-05-21,0.0,27.73,30,316,0.0,Search,20.0,Search_TM_Campaign_05
1182,570837607,2026-05-22,0.0,57.63,56,6611,0.0,PerformanceMax,10.0,Pmax_NTM_Campaign_01
2858,570837633,2026-05-22,0.0,0.3,5,116,0.0,Shopping,10.0,Shopping_NTM_Campaign_01
669,566560838,2026-05-22,40.11,48.58,41,252,1.0,Search,10.0,Search_TM_Campaign_02
1388,570837609,2026-05-22,0.0,6.62,11,2261,0.0,PerformanceMax,20.0,Pmax_NTM_Campaign_03
2547,570837627,2026-05-22,0.0,44.88,28,249,0.0,Search,20.0,Search_TM_Campaign_05
1183,570837607,2026-05-23,0.0,7.78,11,2187,0.0,PerformanceMax,10.0,Pmax_NTM_Campaign_01
670,566560838,2026-05-23,0.0,54.21,22,139,0.0,Search,10.0,Search_TM_Campaign_02
1389,570837609,2026-05-23,0.0,95.46,48,5357,0.0,PerformanceMax,20.0,Pmax_NTM_Campaign_03
2859,570837633,2026-05-23,0.0,0.36,4,154,0.0,Shopping,10.0,Shopping_NTM_Campaign_01
2548,570837627,2026-05-23,0.0,55.95,24,392,0.0,Search,20.0,Search_TM_Campaign_05
2860,570837633,2026-05-24,0.0,0.31,5,195,0.0,Shopping,10.0,Shopping_NTM_Campaign_01
671,566560838,2026-05-24,0.0,57.2,28,279,0.0,Search,10.0,Search_TM_Campaign_02
1390,570837609,2026-05-24,0.0,36.73,33,3554,0.0,PerformanceMax,20.0,Pmax_NTM_Campaign_03
1184,570837607,2026-05-24,0.0,5.83,23,2004,0.0,PerformanceMax,10.0,Pmax_NTM_Campaign_01
2549,570837627,2026-05-24,55.51,56.63,21,147,1.0,Search,20.0,Search_TM_Campaign_05
2861,570837633,2026-05-25,0.0,0.29,5,254,0.0,Shopping,10.0,Shopping_NTM_Campaign_01
672,566560838,2026-05-25,1128.75,55.260000000000005,46,243,1.0,Search,10.0,Search_TM_Campaign_02
2550,570837627,2026-05-25,70.0,55.25,22,222,1.0,Search,20.0,Search_TM_Campaign_05
1391,570837609,2026-05-25,80.99,73.04,65,5514,1.0,PerformanceMax,20.0,Pmax_NTM_Campaign_03
1185,570837607,2026-05-25,0.0,58.78,63,7032,0.0,PerformanceMax,10.0,Pmax_NTM_Campaign_01
2862,570837633,2026-05-26,0.0,1.11,11,833,0.0,Shopping,10.0,Shopping_NTM_Campaign_01
1186,570837607,2026-05-26,0.0,5.61,7,531,0.0,PerformanceMax,10.0,Pmax_NTM_Campaign_01
1392,570837609,2026-05-26,38.55,5.03,9,865,1.0,PerformanceMax,20.0,Pmax_NTM_Campaign_03
2551,570837627,2026-05-26,0.0,5.0,1,11,0.0,Search,20.0,Search_TM_Campaign_05
673,566560838,2026-05-26,0.0,5.02,4,31,0.0,Search,10.0,Search_TM_Campaign_02
1393,570837609,2026-05-27,39.67,7.61,12,1688,1.0,PerformanceMax,20.0,Pmax_NTM_Campaign_03
1187,570837607,2026-05-27,0.0,10.37,17,2355,0.0,PerformanceMax,10.0,Pmax_NTM_Campaign_01
2863,570837633,2026-05-27,0.0,0.23,5,428,0.0,Shopping,10.0,Shopping_NTM_Campaign_01
2552,570837627,2026-05-27,0.0,22.34,28,231,0.0,Search,20.0,Search_TM_Campaign_05
674,566560838,2026-05-27,112.62,50.49,29,183,1.0,Search,10.0,Search_TM_Campaign_02
1394,570837609,2026-05-28,0.0,26.05,35,3306,0.0,PerformanceMax,20.0,Pmax_NTM_Campaign_03
1188,570837607,2026-05-28,0.0,16.04,26,4931,0.0,PerformanceMax,10.0,Pmax_NTM_Campaign_01
675,566560838,2026-05-28,0.0,15.54,15,130,0.0,Search,10.0,Search_TM_Campaign_02
2864,570837633,2026-05-28,0.0,0.05,1,167,0.0,Shopping,10.0,Shopping_NTM_Campaign_01
2553,570837627,2026-05-28,0.0,31.44,34,254,0.0,Search,20.0,Search_TM_Campaign_05
1395,570837609,2026-05-29,0.0,37.31999999999999,24,2713,0.0,PerformanceMax,20.0,Pmax_NTM_Campaign_03
2865,570837633,2026-05-29,0.0,0.0,0,225,0.0,Shopping,10.0,Shopping_NTM_Campaign_01
1189,570837607,2026-05-29,0.0,23.55,15,3371,0.0,PerformanceMax,10.0,Pmax_NTM_Campaign_01
2554,570837627,2026-05-29,0.0,31.02,28,265,0.0,Search,20.0,Search_TM_Campaign_05
676,566560838,2026-05-29,65.82,15.2,21,138,2.0,Search,10.0,Search_TM_Campaign_02
2866,570837633,2026-05-30,0.0,0.4,5,240,0.0,Shopping,10.0,Shopping_NTM_Campaign_01
2555,570837627,2026-05-30,59.48,30.58,37,302,1.0,Search,20.0,Search_TM_Campaign_05
1190,570837607,2026-05-30,0.0,22.28,18,1710,0.0,PerformanceMax,10.0,Pmax_NTM_Campaign_01
1396,570837609,2026-05-30,0.0,35.52,24,2180,0.0,PerformanceMax,20.0,Pmax_NTM_Campaign_03
677,566560838,2026-05-30,0.0,15.590000000000002,25,127,0.0,Search,10.0,Search_TM_Campaign_02
2867,570837633,2026-05-31,416.58,4.18,12,648,3.0,Shopping,10.0,Shopping_NTM_Campaign_01
2556,570837627,2026-05-31,0.0,29.91,29,256,0.0,Search,20.0,Search_TM_Campaign_05
1191,570837607,2026-05-31,40.37,26.36,28,2839,1.0,PerformanceMax,10.0,Pmax_NTM_Campaign_01
678,566560838,2026-05-31,41.17,9.9,27,128,1.0,Search,10.0,Search_TM_Campaign_02
1397,570837609,2026-05-31,0.0,40.36,27,2094,0.0,PerformanceMax,20.0,Pmax_NTM_Campaign_03
679,566560838,2026-06-01,0.0,12.33,37,168,0.0,Search,10.0,Search_TM_Campaign_02
1192,570837607,2026-06-01,0.0,20.71,24,2816,0.0,PerformanceMax,10.0,Pmax_NTM_Campaign_01
1398,570837609,2026-06-01,0.0,30.78,22,1627,0.0,PerformanceMax,20.0,Pmax_NTM_Campaign_03
2868,570837633,2026-06-01,0.0,0.32,5,610,0.0,Shopping,10.0,Shopping_NTM_Campaign_01
2557,570837627,2026-06-01,0.0,29.21,43,364,0.0,Search,20.0,Search_TM_Campaign_05
1399,570837609,2026-06-02,0.0,30.93,25,2922,0.0,PerformanceMax,20.0,Pmax_NTM_Campaign_03
2869,570837633,2026-06-02,0.0,0.46,9,495,0.0,Shopping,10.0,Shopping_NTM_Campaign_01
2558,570837627,2026-06-02,0.0,31.160000000000004,22,182,0.0,Search,20.0,Search_TM_Campaign_05
680,566560838,2026-06-02,0.0,13.61,37,220,0.0,Search,10.0,Search_TM_Campaign_02
1193,570837607,2026-06-02,0.0,22.04,17,1969,0.0,PerformanceMax,10.0,Pmax_NTM_Campaign_01
2870,570837633,2026-06-03,0.0,0.2,4,380,0.0,Shopping,10.0,Shopping_NTM_Campaign_01
681,566560838,2026-06-03,0.0,10.31,32,131,0.0,Search,10.0,Search_TM_Campaign_02
1194,570837607,2026-06-03,0.0,10.36,20,2480,0.0,PerformanceMax,10.0,Pmax_NTM_Campaign_01
1400,570837609,2026-06-03,0.0,20.48,27,2884,0.0,PerformanceMax,20.0,Pmax_NTM_Campaign_03
2559,570837627,2026-06-03,77.46,20.01,28,243,1.0,Search,20.0,Search_TM_Campaign_05
1401,570837609,2026-06-04,0.0,18.05,28,3673,0.0,PerformanceMax,20.0,Pmax_NTM_Campaign_03
2560,570837627,2026-06-04,36.47,20.44,29,250,1.0,Search,20.0,Search_TM_Campaign_05
682,566560838,2026-06-04,0.0,9.91,32,168,0.0,Search,10.0,Search_TM_Campaign_02
1195,570837607,2026-06-04,0.0,10.37,20,2873,0.0,PerformanceMax,10.0,Pmax_NTM_Campaign_01
2871,570837633,2026-06-04,48.99,1.28,5,216,1.0,Shopping,10.0,Shopping_NTM_Campaign_01
1402,570837609,2026-06-05,0.0,0.21,1,105,0.0,PerformanceMax,20.0,Pmax_NTM_Campaign_03
683,566560838,2026-06-05,0.0,0.0,0,3,0.0,Search,10.0,Search_TM_Campaign_02
1196,570837607,2026-06-05,0.0,0.61,2,54,0.0,PerformanceMax,10.0,Pmax_NTM_Campaign_01
2561,570837627,2026-06-05,0.0,0.0,0,0,0.0,Search,20.0,Search_TM_Campaign_05
2872,570837633,2026-06-05,0.0,0.0,0,0,0.0,Shopping,10.0,Shopping_NTM_Campaign_01
